{"app":["/app-76e527ebe81344f5c644.js"],"component---src-pages-404-js":["/component---src-pages-404-js-c1e2623f66707990a582.js"],"component---src-pages-about-us-js":["/component---src-pages-about-us-js-a2b2e5de43a85b767df8.js"],"component---src-pages-aim-box-js":["/component---src-pages-aim-box-js-59ed3e8891b14da4b5ac.js"],"component---src-pages-ask-an-analyst-js":["/component---src-pages-ask-an-analyst-js-171112ed729c5edb41a1.js"],"component---src-pages-ask-for-discount-js":["/component---src-pages-ask-for-discount-js-a3e8d6dc6015d4b10d14.js"],"component---src-pages-blog-js":["/component---src-pages-blog-js-a1d0c172f68d4927466a.js"],"component---src-pages-comtex-pressrelease-js":["/component---src-pages-comtex-pressrelease-js-b2c63c38afd72e9a3e03.js"],"component---src-pages-consulting-solutions-js":["/component---src-pages-consulting-solutions-js-9daae8856b58bbdb9d32.js"],"component---src-pages-contact-us-js":["/component---src-pages-contact-us-js-388ce5414e7b0ef1e7f3.js"],"component---src-pages-data-market-monitoring-js":["/component---src-pages-data-market-monitoring-js-bfd3226edb1b037c4915.js"],"component---src-pages-home-js":["/component---src-pages-home-js-0e759c30df7ad457b77e.js"],"component---src-pages-index-js":["/component---src-pages-index-js-7d2b4ecf03abc8edec9d.js"],"component---src-pages-industry-js":["/component---src-pages-industry-js-3f406ec358c6cf4688e2.js"],"component---src-pages-market-report-research-latest-published-reports-js":["/component---src-pages-market-report-research-latest-published-reports-js-4a4985ccaa3cedbcbae9.js"],"component---src-pages-news-and-resources-js":["/component---src-pages-news-and-resources-js-7a1321697fcdcdf2604f.js"],"component---src-pages-passport-reports-js":["/component---src-pages-passport-reports-js-f56198516e1617e536f2.js"],"component---src-pages-press-js":["/component---src-pages-press-js-32fcf54297c102f1e4a9.js"],"component---src-pages-press-release-js":["/component---src-pages-press-release-js-ce7eeef5f8e42b5f5bd0.js"],"component---src-pages-published-research-connected-car-security-market-js":["/component---src-pages-published-research-connected-car-security-market-js-5aeec23af001ce50ed22.js"],"component---src-pages-published-research-sheer-quadrant-js":["/component---src-pages-published-research-sheer-quadrant-js-15a4f56ed3d73bfa2e22.js"],"component---src-pages-regions-js":["/component---src-pages-regions-js-cc5117c636f857e8fd6d.js"],"component---src-pages-report-js":["/component---src-pages-report-js-49b0b9eee63a814b4660.js"],"component---src-pages-request-brochure-js":["/component---src-pages-request-brochure-js-021575f2f8b8cfb7b2d1.js"],"component---src-pages-request-sample-js":["/component---src-pages-request-sample-js-a0596d8198b92313a691.js"],"component---src-pages-search-results-js":["/component---src-pages-search-results-js-ffb56e3f7060c6799466.js"],"component---src-pages-solutions-js":["/component---src-pages-solutions-js-a185a5314c444ec95eb3.js"],"component---src-pages-submit-query-js":["/component---src-pages-submit-query-js-cfb74f9c31f6a3566de4.js"],"component---src-pages-syndicate-reports-js":["/component---src-pages-syndicate-reports-js-6b4e2796e37ece7fd4f1.js"],"component---src-templates-ask-an-analyst-template-js":["/component---src-templates-ask-an-analyst-template-js-321a93d946fa73fad62f.js"],"component---src-templates-ask-for-discount-template-js":["/component---src-templates-ask-for-discount-template-js-724b76f164352fe350d1.js"],"component---src-templates-blog-template-js":["/component---src-templates-blog-template-js-dd6406588fc171e038b6.js"],"component---src-templates-category-report-template-js":["/component---src-templates-category-report-template-js-ffda9ff4e64c6558ba92.js"],"component---src-templates-category-sector-report-template-js":["/component---src-templates-category-sector-report-template-js-f2477874683f87bf72bd.js"],"component---src-templates-news-template-js":["/component---src-templates-news-template-js-034dce87cefb730bbd1c.js"],"component---src-templates-press-template-js":["/component---src-templates-press-template-js-9f8bb0f7480e6f9a1f1d.js"],"component---src-templates-region-report-template-js":["/component---src-templates-region-report-template-js-3d5a4d23057449f38a08.js"],"component---src-templates-region-sector-report-template-js":["/component---src-templates-region-sector-report-template-js-7c5115362c42a4d71af4.js"],"component---src-templates-report-template-js":["/component---src-templates-report-template-js-f0a1c786a2df6a3bb2da.js"],"component---src-templates-request-brochure-template-js":["/component---src-templates-request-brochure-template-js-78478d0ccabf67b3342a.js"],"component---src-templates-request-sample-template-js":["/component---src-templates-request-sample-template-js-59725debe8ee4753bb90.js"]}