{"data":{"allMysqlPassLprReport":{"edges":[{"node":{"id":"mysql__PassLprReport__6","meta_title":"Global Condiment Sauces Market - Global Industry Analysis By 2022","meta_desc":"This Report Defines The ‘Global Condiment Sauces’ Market In Terms of ‘Brown Sauce, Chili/Hot Sauce, Mustard Sauce, National Specialties, Soy-Based Sauce, Tomato Ketchup And Other Condiment Sauces.","meta_keywords":"Global Condiment Sauces Market Size, Global Condiment Sauces Market Share, Global Condiment Sauces Market Trends, Global Condiment Sauces Market Forecast.","report_type":1,"ind_cat_id":1,"ind_sect_id":1,"reg_cat_id":7,"reg_sect_id":5,"title":"Global Condiment Sauces, 2013 - 2022","report_sub_type":1,"description":"<p style=\"text-align:justify\"><span style=\"font-family:Arial,Helvetica,sans-serif\">This report defines the &lsquo;global condiment sauces&rsquo; market in terms of &lsquo;Brown Sauce, Chilli/Hot Sauce, Mustard sauce, National Specialties, Soy-Based Sauce, Tomato Ketchup and Other Condiment Sauces.&rsquo; Market for all the segments covers value volume and average selling prices. This research is based on store check (SKU method), consumer overview and direct company distributors inputs. Concise modeling is followed to capture all the above-mentioned methodologies. Distribution channel includes different channels such as supermarkets, hypermarkets, specialty outlets, &ldquo;Dollar Stores&rdquo;, Variety Stores &amp; General Merchandise Retailersis also covered in this report. At the same time market share analysis by brands and companies in terms of volume is covered to provide an elaborative overview to the users.&nbsp; Market numbers are provided in terms of both USD as well as local currency, to benefit global audience. This report covers the market in terms of demographics as well.</span></p>\r\n\r\n<p style=\"text-align:justify\">&nbsp;</p>\r\n\r\n<p style=\"text-align:justify\"><span style=\"font-family:Arial,Helvetica,sans-serif\"><strong>Segments done in the report:</strong></span></p>\r\n\r\n<p style=\"text-align:justify\"><span style=\"font-family:Arial,Helvetica,sans-serif\">Condiment Saucesmarket by Category</span></p>\r\n\r\n<ul>\r\n\t<li><span style=\"font-family:Arial,Helvetica,sans-serif\">Brown Sauce</span></li>\r\n\t<li><span style=\"font-family:Arial,Helvetica,sans-serif\">Chilli/Hot Sauce</span></li>\r\n\t<li><span style=\"font-family:Arial,Helvetica,sans-serif\">Mustards</span></li>\r\n\t<li><span style=\"font-family:Arial,Helvetica,sans-serif\">National Specialties</span></li>\r\n\t<li><span style=\"font-family:Arial,Helvetica,sans-serif\">Soy-Based Sauce</span></li>\r\n\t<li><span style=\"font-family:Arial,Helvetica,sans-serif\">Tomato Ketchup</span></li>\r\n\t<li><span style=\"font-family:Arial,Helvetica,sans-serif\">Other Condiment Sauces</span></li>\r\n</ul>\r\n\r\n<p style=\"text-align:justify\"><span style=\"font-family:Arial,Helvetica,sans-serif\">Condiment Saucesby Distribution Channel</span></p>\r\n\r\n<p style=\"text-align:justify\"><span style=\"font-family:Arial,Helvetica,sans-serif\">Condiment Sauces market share</span></p>\r\n\r\n<p style=\"text-align:justify\"><span style=\"font-family:Arial,Helvetica,sans-serif\"><strong>Passport reports and datasets are available for these countries:</strong></span></p>\r\n\r\n<p style=\"text-align:justify\"><span style=\"font-family:Arial,Helvetica,sans-serif\">Argentina, Australia, Austria, Belgium, Brazil, Bulgaria , Canada, Chile, China, Colombia, Czech Republic, Denmark, Egypt&nbsp;&nbsp;&nbsp;&nbsp;&nbsp;&nbsp;&nbsp;&nbsp;&nbsp;&nbsp;&nbsp;&nbsp;&nbsp;&nbsp;&nbsp; , Finland, France, Germany, Greece, Hungary, India, Indonesia, Ireland, Israel, Italy, Japan, Malaysia, Mexico, Netherlands, New Zealand, Norway, Peru, Philippines, Poland, Portugal, Romania, Russia, Saudi Arabia, Singapore, Slovakia, South Africa, South Korea, Spain, Sweden, Thailand, Turkey, UAE, UK, Ukraine, US and Venezuela.</span></p>\r\n\r\n<p style=\"text-align:justify\"><span style=\"font-family:Arial,Helvetica,sans-serif\"><strong>Apart from these passport reports, full-fledged reports covering trend and analysis as well as customized reportcan be provided as per the request.</strong></span></p>\r\n\r\n<p style=\"text-align:justify\"><span style=\"font-family:Arial,Helvetica,sans-serif\"><strong>For your further queries, please contact:</strong></span></p>\r\n\r\n<p style=\"text-align:justify\"><span style=\"font-family:Arial,Helvetica,sans-serif\"><a href=\"mailto:sales@analysisandinsights.com?subject=Chocolate%20Market%20Query_Company%20or%20person%20name\">Sales Team</a>,</span></p>\r\n\r\n<p style=\"text-align:justify\"><span style=\"font-family:Arial,Helvetica,sans-serif\">Analysis and Insights</span></p>\r\n\r\n<p style=\"text-align:justify\"><span style=\"font-family:Arial,Helvetica,sans-serif\"><strong>Note: Report will be dispatched within a week after payment is received</strong></span></p>","slug":"Global-Condiment-Sauces","one_cntry":"300","add_cntry":"250","discount":"0","pages":35,"format":"PDF","report_id":"Country code_Report_102","status":1,"created_at":"2017-06-08T05:15:38.000Z","updated_at":"2018-03-29T06:15:33.000Z"}},{"node":{"id":"mysql__PassLprReport__5","meta_title":"Direct Chocolate Consumables Market - Global Industry Analysis by 2022","meta_desc":"This Report Defines The ‘Direct Chocolate Consumables’ Market In Terms Of Boxed Chocolates, Novelties, CountLines, Straight lines And Others.","meta_keywords":"Direct Chocolate Consumables Market Size, Direct Chocolate Consumables Market Share, Direct Chocolate Consumables Market Trends, Direct Chocolate Consumables Market Forecast.","report_type":1,"ind_cat_id":1,"ind_sect_id":1,"reg_cat_id":7,"reg_sect_id":5,"title":"Direct Chocolate Consumables Market, 2013-2022","report_sub_type":1,"description":"<p style=\"text-align:justify\"><span style=\"font-family:Arial,Helvetica,sans-serif\">This report defines the &lsquo;direct chocolate consumables&rsquo; market in terms of boxed chocolates, novelties. countlines, straightlines and others. Market for all the segments covers value volume and average selling prices. This research is based on store check (SKU method), consumer overview and direct company distributors. Concise modeling is followed to capture all the above-mentioned methodologies. Distribution channel includes different channels such as supermarkets, hypermarkets, specialty outlets, &ldquo;Dollar Stores&rdquo;, Variety Stores &amp; General Merchandise Retailersis also covered in this report. At the same time market share analysis by brands and companies in terms of volume is covered to provide an elaborative overview to the users.&nbsp; Market numbers are provided in terms of both USD as well as local currencies to benefit global audience. This report covers the market in terms of demographics as well.</span></p>\r\n\r\n<p style=\"text-align:justify\">&nbsp;</p>\r\n\r\n<p style=\"text-align:justify\"><span style=\"font-family:Arial,Helvetica,sans-serif\"><strong>Segments done in the report:</strong></span></p>\r\n\r\n<p style=\"text-align:justify\"><span style=\"font-family:Arial,Helvetica,sans-serif\">Direct Chocolate Consumables market by Category</span></p>\r\n\r\n<ul>\r\n\t<li><span style=\"font-family:Arial,Helvetica,sans-serif\">Boxed Chocolate</span></li>\r\n\t<li><span style=\"font-family:Arial,Helvetica,sans-serif\">Chocolate Countlines</span></li>\r\n\t<li><span style=\"font-family:Arial,Helvetica,sans-serif\">Chocolate Straightlines</span></li>\r\n\t<li><span style=\"font-family:Arial,Helvetica,sans-serif\">Molded Bars</span></li>\r\n\t<li><span style=\"font-family:Arial,Helvetica,sans-serif\">Novelties</span></li>\r\n\t<li><span style=\"font-family:Arial,Helvetica,sans-serif\">Other Chocolate</span></li>\r\n</ul>\r\n\r\n<p style=\"text-align:justify\"><span style=\"font-family:Arial,Helvetica,sans-serif\">Direct Chocolate Consumables by Distribution Channel</span></p>\r\n\r\n<p style=\"text-align:justify\"><span style=\"font-family:Arial,Helvetica,sans-serif\">Direct Chocolate Consumables market share</span></p>\r\n\r\n<p style=\"text-align:justify\"><span style=\"font-family:Arial,Helvetica,sans-serif\"><strong>Passport reports and datasets are available for these countries:</strong></span></p>\r\n\r\n<p style=\"text-align:justify\"><span style=\"font-family:Arial,Helvetica,sans-serif\">Argentina, Australia, Austria, Belgium, Brazil, Bulgaria , Canada, Chile, China, Colombia, Czech Republic, Denmark, Egypt , Finland, France, Germany, Greece, Hungary, India, Indonesia, Ireland, Israel, Italy, Japan, Malaysia, Mexico, Netherlands, New Zealand, Norway, Peru, Philippines, Poland, Portugal, Romania, Russia, Saudi Arabia, Singapore, Slovakia, South Africa, South Korea, Spain, Sweden, Thailand, Turkey, UAE, UK, Ukraine, US and Venezuela.</span></p>\r\n\r\n<p style=\"text-align:justify\"><span style=\"font-family:Arial,Helvetica,sans-serif\"><strong>Apart from these passport reports, full-fledged reports covering trend and analysis as well as customized reportcan be provided as per the request.</strong></span></p>\r\n\r\n<p style=\"text-align:justify\"><span style=\"font-family:Arial,Helvetica,sans-serif\"><strong>For your further queries, please contact:</strong></span></p>\r\n\r\n<p style=\"text-align:justify\"><span style=\"font-family:Arial,Helvetica,sans-serif\"><a href=\"mailto:sales@analysisandinsights.com?subject=Chocolate%20Market%20Query_Company%20or%20person%20name\">Sales Team</a>,</span></p>\r\n\r\n<p style=\"text-align:justify\"><span style=\"font-family:Arial,Helvetica,sans-serif\">Analysis and Insights</span></p>\r\n\r\n<p style=\"text-align:justify\"><span style=\"font-family:Arial,Helvetica,sans-serif\"><strong>Note: Report will be dispatched within a week after payment is received</strong></span></p>","slug":"Direct-Chocolate-Consumables-Market","one_cntry":"300","add_cntry":"250","discount":"0","pages":35,"format":"PDF","report_id":"Country code_Report_100","status":1,"created_at":"2017-06-08T05:12:39.000Z","updated_at":"2018-03-29T06:12:20.000Z"}}]}}}