{"data":{"allMysqlContacts":{"edges":[{"node":{"id":"mysql__Contacts__1","address1":"RDB Boulevard, 8th Floor, \r\nPlot K 1, Sector 5, Block EP and GP, \r\nKolkata 700091, India.","address2":"11/822, Chopasani Housing Board Jodhpur( Rajasthan) 342001, India","email":"sales@sheeranalyticsandinsights.com","phone":"+91-33-4600-9199","twitter":"https://twitter.com/marketanalysisR","facebook":"https://www.facebook.com/Sheeranalyticsandinsights-808383366010825/","googlep":"https://plus.google.com/b/108022945213345037994/","linkedin":"https://www.linkedin.com/company/sheeranalyticsandinsightsprivatelimited"}}]}}}