{"data":{"allMysqlIndustrycategorysector":{"edges":[{"node":{"id":"mysql__Industrycategorysector__1","ind_cat_id":1,"sector_name":"Food","slug":"food"}},{"node":{"id":"mysql__Industrycategorysector__2","ind_cat_id":1,"sector_name":"Health & Beauty","slug":"health-&-beauty"}},{"node":{"id":"mysql__Industrycategorysector__3","ind_cat_id":3,"sector_name":"Electronics","slug":"electronics"}},{"node":{"id":"mysql__Industrycategorysector__4","ind_cat_id":3,"sector_name":"Semiconductors","slug":"semiconductors"}},{"node":{"id":"mysql__Industrycategorysector__5","ind_cat_id":4,"sector_name":"Health Care","slug":"health-care"}},{"node":{"id":"mysql__Industrycategorysector__6","ind_cat_id":4,"sector_name":"Medical Devices","slug":"medical-devices"}},{"node":{"id":"mysql__Industrycategorysector__7","ind_cat_id":5,"sector_name":"Chemicals","slug":"chemicals"}},{"node":{"id":"mysql__Industrycategorysector__8","ind_cat_id":5,"sector_name":"Energy","slug":"energy"}},{"node":{"id":"mysql__Industrycategorysector__9","ind_cat_id":6,"sector_name":"Defence","slug":"defence"}},{"node":{"id":"mysql__Industrycategorysector__10","ind_cat_id":7,"sector_name":"Banking","slug":"banking"}},{"node":{"id":"mysql__Industrycategorysector__11","ind_cat_id":7,"sector_name":"Financial","slug":"financial"}},{"node":{"id":"mysql__Industrycategorysector__12","ind_cat_id":6,"sector_name":"Automotives","slug":"automotives"}},{"node":{"id":"mysql__Industrycategorysector__13","ind_cat_id":1,"sector_name":"Alcoholic Beverages","slug":"alcoholic-beverages"}},{"node":{"id":"mysql__Industrycategorysector__14","ind_cat_id":1,"sector_name":"Food Ingredients","slug":"food-ingredients"}},{"node":{"id":"mysql__Industrycategorysector__15","ind_cat_id":1,"sector_name":"Pet Care","slug":"pet-care"}},{"node":{"id":"mysql__Industrycategorysector__16","ind_cat_id":1,"sector_name":"Baby Care","slug":"baby-care"}},{"node":{"id":"mysql__Industrycategorysector__17","ind_cat_id":1,"sector_name":"Footwear","slug":"footwear"}},{"node":{"id":"mysql__Industrycategorysector__18","ind_cat_id":1,"sector_name":"Packaging","slug":"packaging"}},{"node":{"id":"mysql__Industrycategorysector__19","ind_cat_id":1,"sector_name":"Travel and Tourism","slug":"travel-and-tourism"}},{"node":{"id":"mysql__Industrycategorysector__20","ind_cat_id":1,"sector_name":"Home Care","slug":"home-care"}},{"node":{"id":"mysql__Industrycategorysector__21","ind_cat_id":1,"sector_name":"Other Consumer Goods","slug":"other-consumer-goods"}},{"node":{"id":"mysql__Industrycategorysector__23","ind_cat_id":3,"sector_name":"Communication & Technology","slug":"communication-and-technology"}},{"node":{"id":"mysql__Industrycategorysector__24","ind_cat_id":3,"sector_name":"Automation","slug":"automation"}},{"node":{"id":"mysql__Industrycategorysector__25","ind_cat_id":3,"sector_name":"Photonics","slug":"photonics"}},{"node":{"id":"mysql__Industrycategorysector__28","ind_cat_id":4,"sector_name":"Pharmaceuticals","slug":"pharmaceuticals"}},{"node":{"id":"mysql__Industrycategorysector__29","ind_cat_id":4,"sector_name":"Biotechnology","slug":"biotechnology"}},{"node":{"id":"mysql__Industrycategorysector__31","ind_cat_id":6,"sector_name":"Aerospace","slug":"aerospace"}},{"node":{"id":"mysql__Industrycategorysector__32","ind_cat_id":6,"sector_name":"Services","slug":"services"}},{"node":{"id":"mysql__Industrycategorysector__33","ind_cat_id":7,"sector_name":"Insurance","slug":"insurance"}},{"node":{"id":"mysql__Industrycategorysector__34","ind_cat_id":5,"sector_name":"Materials","slug":"materials"}},{"node":{"id":"mysql__Industrycategorysector__36","ind_cat_id":3,"sector_name":"Instrumentation","slug":"instrumentation"}},{"node":{"id":"mysql__Industrycategorysector__37","ind_cat_id":3,"sector_name":"Shipping & Heavy Machinery","slug":"shipping-and-heavy-machinery"}},{"node":{"id":"mysql__Industrycategorysector__38","ind_cat_id":3,"sector_name":"Electrical","slug":"electrical"}},{"node":{"id":"mysql__Industrycategorysector__39","ind_cat_id":3,"sector_name":"Civil","slug":"civil"}},{"node":{"id":"mysql__Industrycategorysector__41","ind_cat_id":6,"sector_name":"Other Transportation","slug":"other-transportation"}}]},"allMysqlIndustrycategory":{"edges":[{"node":{"id":"mysql__Industrycategory__1","cat_name":"Consumer Oriented Sectors","slug":"consumer-oriented-sectors"}},{"node":{"id":"mysql__Industrycategory__3","cat_name":"Technology Sectors","slug":"technology-sectors"}},{"node":{"id":"mysql__Industrycategory__4","cat_name":"Life Science","slug":"life-sciences"}},{"node":{"id":"mysql__Industrycategory__5","cat_name":"Chemicals, Materials And Energy","slug":"chemicals-materials-energy"}},{"node":{"id":"mysql__Industrycategory__6","cat_name":"Defence, Aerospace And Automotives","slug":"defence-aerospace-automotives"}},{"node":{"id":"mysql__Industrycategory__7","cat_name":"BFSI","slug":"banking-financial-insurance"}}]}}}