{"data":{"allMysqlAbouts":{"edges":[{"node":{"id":"mysql__Abouts__1","description":"<h4>WHO WE ARE</h4>\r\n\r\n<p style=\"margin-left:0in; margin-right:0in\"><span style=\"font-size:11pt\"><span style=\"font-family:Calibri,sans-serif\"><span style=\"font-size:12.0pt\">The global Market Research Industry over a period has evolved from being value proposition driven to become client oriented and output driven.</span></span></span></p>\r\n\r\n<p style=\"margin-left:0in; margin-right:0in\"><span style=\"font-size:11pt\"><span style=\"font-family:Calibri,sans-serif\"><span style=\"font-size:12.0pt\">Sheer Analytics and Insights as firm is created to balance between client requirements without compromising the core values of Market research in &ndash;terms of quality, factual correctness, market awareness and analysis. SAI goes back to the root of Market Research in terms of TAM (Total Available Market) and PAM (Potential Available Market) and assess the same quantifying all Push and Pull factors.</span></span></span></p>\r\n\r\n<p>&nbsp;</p>\r\n\r\n<h4>HOW WE DO IT</h4>\r\n\r\n<p><span style=\"font-size:11pt\"><span style=\"font-family:Calibri,sans-serif\"><span style=\"font-size:12.0pt\">Our core team of analysts consists of engineers, economists and statisticians who together in multi-pronged manner asses markets and forecast the same. By this, we address the three major &lsquo;Pillars of Market Research&rsquo;:</span></span></span></p>\r\n\r\n<ul>\r\n\t<li>&nbsp; Market Analysis</li>\r\n\t<li>&nbsp; Technical Analysis</li>\r\n\t<li>&nbsp; Data Analysis</li>\r\n</ul>\r\n\r\n<p>&nbsp;<span style=\"font-size:11pt\"><span style=\"font-family:Calibri,sans-serif\"><span style=\"font-size:12.0pt\">Our core teams of analysts have more than 7-10 years of experience in the Market Research field.</span></span></span></p>\r\n\r\n<p style=\"margin-left:0in; margin-right:0in\"><span style=\"font-size:11pt\"><span style=\"font-family:Calibri,sans-serif\"><span style=\"font-size:12.0pt\">We in our process provide balance client requirements with value research and create multiple delivery options in-terms of products where client can choose from our varied basket of off the shelf and custom deliverables.</span></span></span></p>\r\n\r\n<p style=\"margin-left:0in; margin-right:0in\"><span style=\"font-size:11pt\"><span style=\"font-family:Calibri,sans-serif\"><span style=\"font-size:12.0pt\">Our products include from quick turnaround datasets, TAM/PAM Analysis to full-fledged deep dive research on top trending markets. </span></span></span></p>\r\n\r\n<p>&nbsp;</p>\r\n\r\n<h4>OUR KEY PRODUCTS<strong>&nbsp; &nbsp; &nbsp; &nbsp;</strong><strong> &nbsp; &nbsp;&nbsp;</strong></h4>\r\n\r\n<ul>\r\n\t<li><strong>&nbsp; &nbsp; &nbsp; &nbsp; &nbsp;Syndicate Reports :</strong> Deep Dive research reports with cross sectional analysis</li>\r\n\t<li><strong>&nbsp; &nbsp; &nbsp; &nbsp; &nbsp;Custom Enquiry :</strong> Customized Client Reports created in as per client requirements</li>\r\n\t<li><strong>&nbsp; &nbsp; &nbsp; &nbsp; &nbsp;Passport reports :</strong>&nbsp;Short Deliverable report focusing on Top market analysis</li>\r\n\t<li><strong>&nbsp; &nbsp; &nbsp; &nbsp; &nbsp;TAM/PAM Analysis :&nbsp;</strong>&nbsp;Data sets along with crisp market insights&nbsp;</li>\r\n</ul>\r\n\r\n<p>&nbsp;</p>\r\n\r\n<h4>VALUE PROPOSITION&nbsp;</h4>\r\n\r\n<p><span style=\"font-size:11pt\"><span style=\"font-family:Calibri,sans-serif\"><span style=\"font-size:12.0pt\">We at SAI have a product customized for all our clients. This is to make market research affordable for every one without losing focus on core research. At the end, every firm wants satisfied clients but we provide client satisfaction not only in terms product cost but also in terms of product value.</span></span></span></p>\r\n\r\n<p>&nbsp;</p>\r\n\r\n<p>&nbsp;</p>\r\n\r\n<h4>OUR ACHIEVEMENTS AND AWARDS</h4>\r\n\r\n<p><a target=\"_blank\"><img alt=\"Sheer Analytics and Insights Silicon's Certificate\" class=\"fancybox\" src=\"https://www.sheeranalyticsandinsights.com/images/certificate1.jpg\" style=\"height:268px; width:360px\" /></a></p>\r\n\r\n<p>&nbsp;</p>\r\n\r\n<p>&nbsp;</p>"}}]}}}