{"data":{"allMysqlRegion":{"edges":[{"node":{"id":"mysql__Region__1","cat_name":"Asia Pacific","slug":"asia-pacific","status":1,"created_at":"2017-04-12T19:31:48.000Z"}},{"node":{"id":"mysql__Region__2","cat_name":"CEE","slug":"cee","status":1,"created_at":"2017-04-12T19:40:11.000Z"}},{"node":{"id":"mysql__Region__3","cat_name":"Latin America","slug":"latin-america","status":1,"created_at":"2017-04-12T19:40:22.000Z"}},{"node":{"id":"mysql__Region__4","cat_name":"Middle East & Africa","slug":"middle-east-and-africa","status":1,"created_at":"2017-04-12T19:40:30.000Z"}},{"node":{"id":"mysql__Region__5","cat_name":"North America","slug":"north-america","status":1,"created_at":"2017-04-12T19:40:37.000Z"}},{"node":{"id":"mysql__Region__6","cat_name":"Western Europe","slug":"western-europe","status":1,"created_at":"2017-04-12T19:40:44.000Z"}},{"node":{"id":"mysql__Region__7","cat_name":"Global","slug":"global","status":1,"created_at":"2017-04-19T19:05:02.000Z"}}]},"allMysqlRegionSector":{"edges":[{"node":{"id":"mysql__RegionSector__1","reg_cat_id":2,"sector_name":"Russia","slug":"russia","status":1,"created_at":"2017-04-12T20:16:14.000Z"}},{"node":{"id":"mysql__RegionSector__3","reg_cat_id":1,"sector_name":"China","slug":"china","status":1,"created_at":"2017-04-12T20:32:02.000Z"}},{"node":{"id":"mysql__RegionSector__4","reg_cat_id":1,"sector_name":"India","slug":"india","status":1,"created_at":"2017-04-12T20:32:14.000Z"}},{"node":{"id":"mysql__RegionSector__5","reg_cat_id":7,"sector_name":"Global","slug":"global","status":1,"created_at":"2017-04-19T19:05:22.000Z"}},{"node":{"id":"mysql__RegionSector__6","reg_cat_id":3,"sector_name":"Uruguay","slug":"uruguay","status":1,"created_at":"2017-04-28T20:41:02.000Z"}},{"node":{"id":"mysql__RegionSector__7","reg_cat_id":3,"sector_name":"Venezuela","slug":"venezuela","status":1,"created_at":"2017-04-28T20:41:09.000Z"}},{"node":{"id":"mysql__RegionSector__8","reg_cat_id":3,"sector_name":"Chile","slug":"chile","status":1,"created_at":"2017-04-28T20:41:16.000Z"}},{"node":{"id":"mysql__RegionSector__9","reg_cat_id":3,"sector_name":"Peru","slug":"peru","status":1,"created_at":"2017-04-28T20:41:24.000Z"}},{"node":{"id":"mysql__RegionSector__10","reg_cat_id":1,"sector_name":"Indonesia","slug":"indonesia","status":1,"created_at":"2017-06-15T08:13:14.000Z"}},{"node":{"id":"mysql__RegionSector__11","reg_cat_id":1,"sector_name":"Pakistan","slug":"pakistan","status":1,"created_at":"2017-06-15T08:13:21.000Z"}},{"node":{"id":"mysql__RegionSector__12","reg_cat_id":1,"sector_name":"Japan","slug":"japan","status":1,"created_at":"2017-06-15T08:13:28.000Z"}},{"node":{"id":"mysql__RegionSector__13","reg_cat_id":1,"sector_name":"Philippines","slug":"philippines","status":1,"created_at":"2017-06-15T08:13:35.000Z"}},{"node":{"id":"mysql__RegionSector__14","reg_cat_id":1,"sector_name":"Vietnam","slug":"vietnam","status":1,"created_at":"2017-06-15T08:13:42.000Z"}},{"node":{"id":"mysql__RegionSector__15","reg_cat_id":1,"sector_name":"Thailand","slug":"thailand","status":1,"created_at":"2017-06-15T08:13:48.000Z"}},{"node":{"id":"mysql__RegionSector__16","reg_cat_id":1,"sector_name":"South Korea","slug":"south-korea","status":1,"created_at":"2017-06-15T08:14:08.000Z"}},{"node":{"id":"mysql__RegionSector__17","reg_cat_id":1,"sector_name":"Malaysia","slug":"malaysia","status":1,"created_at":"2017-06-15T08:15:36.000Z"}},{"node":{"id":"mysql__RegionSector__18","reg_cat_id":1,"sector_name":"Taiwan","slug":"taiwan","status":1,"created_at":"2017-06-15T08:15:42.000Z"}},{"node":{"id":"mysql__RegionSector__19","reg_cat_id":1,"sector_name":"Australia","slug":"australia","status":1,"created_at":"2017-06-15T08:15:47.000Z"}},{"node":{"id":"mysql__RegionSector__20","reg_cat_id":1,"sector_name":"Hong Kong","slug":"hong-kong","status":1,"created_at":"2017-06-15T08:15:52.000Z"}},{"node":{"id":"mysql__RegionSector__21","reg_cat_id":1,"sector_name":"Singapore","slug":"singapore","status":1,"created_at":"2017-06-15T08:15:58.000Z"}},{"node":{"id":"mysql__RegionSector__22","reg_cat_id":1,"sector_name":"New Zealand","slug":"new-zealand","status":1,"created_at":"2017-06-15T08:16:04.000Z"}},{"node":{"id":"mysql__RegionSector__23","reg_cat_id":1,"sector_name":"Sri Lanka","slug":"sri-lanka","status":1,"created_at":"2017-06-15T08:16:09.000Z"}},{"node":{"id":"mysql__RegionSector__24","reg_cat_id":2,"sector_name":"Turkey","slug":"turkey","status":1,"created_at":"2017-06-15T08:16:24.000Z"}},{"node":{"id":"mysql__RegionSector__25","reg_cat_id":2,"sector_name":"Ukraine","slug":"ukraine","status":1,"created_at":"2017-06-15T08:16:30.000Z"}},{"node":{"id":"mysql__RegionSector__26","reg_cat_id":2,"sector_name":"Poland","slug":"poland","status":1,"created_at":"2017-06-15T08:16:35.000Z"}},{"node":{"id":"mysql__RegionSector__27","reg_cat_id":2,"sector_name":"Romania","slug":"romania","status":1,"created_at":"2017-06-15T08:16:41.000Z"}},{"node":{"id":"mysql__RegionSector__28","reg_cat_id":2,"sector_name":"Czech Republic","slug":"czech-republic","status":1,"created_at":"2017-06-15T08:16:47.000Z"}},{"node":{"id":"mysql__RegionSector__29","reg_cat_id":2,"sector_name":"Hungary","slug":"hungary","status":1,"created_at":"2017-06-15T08:16:52.000Z"}},{"node":{"id":"mysql__RegionSector__30","reg_cat_id":2,"sector_name":"Bulgaria","slug":"bulgaria","status":1,"created_at":"2017-06-15T08:16:58.000Z"}},{"node":{"id":"mysql__RegionSector__31","reg_cat_id":2,"sector_name":"Baltic States","slug":"baltic-states","status":1,"created_at":"2017-06-15T08:17:03.000Z"}},{"node":{"id":"mysql__RegionSector__32","reg_cat_id":2,"sector_name":"Slovakia","slug":"slovakia","status":1,"created_at":"2017-06-15T08:17:08.000Z"}},{"node":{"id":"mysql__RegionSector__33","reg_cat_id":2,"sector_name":"Croatia","slug":"croatia","status":1,"created_at":"2017-06-15T08:17:14.000Z"}},{"node":{"id":"mysql__RegionSector__34","reg_cat_id":2,"sector_name":"Slovenia","slug":"slovenia","status":1,"created_at":"2017-06-15T08:17:22.000Z"}},{"node":{"id":"mysql__RegionSector__35","reg_cat_id":2,"sector_name":"Latvia","slug":"latvia","status":1,"created_at":"2017-06-15T08:17:28.000Z"}},{"node":{"id":"mysql__RegionSector__36","reg_cat_id":2,"sector_name":"Lithuania","slug":"lithuania","status":1,"created_at":"2017-06-15T08:17:35.000Z"}},{"node":{"id":"mysql__RegionSector__37","reg_cat_id":2,"sector_name":"Estonia","slug":"estonia","status":1,"created_at":"2017-06-15T08:17:42.000Z"}},{"node":{"id":"mysql__RegionSector__38","reg_cat_id":3,"sector_name":"Colombia","slug":"colombia","status":1,"created_at":"2017-06-15T08:17:57.000Z"}},{"node":{"id":"mysql__RegionSector__39","reg_cat_id":3,"sector_name":"Argentina","slug":"argentina","status":1,"created_at":"2017-06-15T08:18:03.000Z"}},{"node":{"id":"mysql__RegionSector__40","reg_cat_id":3,"sector_name":"Brazil","slug":"brazil","status":1,"created_at":"2017-06-15T08:18:09.000Z"}},{"node":{"id":"mysql__RegionSector__41","reg_cat_id":3,"sector_name":"Mexico","slug":"mexico","status":1,"created_at":"2017-06-15T08:18:15.000Z"}},{"node":{"id":"mysql__RegionSector__42","reg_cat_id":4,"sector_name":"Nigeria","slug":"nigeria","status":1,"created_at":"2017-06-15T08:18:30.000Z"}},{"node":{"id":"mysql__RegionSector__43","reg_cat_id":4,"sector_name":"Egypt","slug":"egypt","status":1,"created_at":"2017-06-15T08:18:37.000Z"}},{"node":{"id":"mysql__RegionSector__44","reg_cat_id":4,"sector_name":"South Africa","slug":"south-africa","status":1,"created_at":"2017-06-15T08:18:44.000Z"}},{"node":{"id":"mysql__RegionSector__45","reg_cat_id":4,"sector_name":"Morocco","slug":"morocco","status":1,"created_at":"2017-06-15T08:18:50.000Z"}},{"node":{"id":"mysql__RegionSector__46","reg_cat_id":4,"sector_name":"Saudi Arabia","slug":"saudi-arabia","status":1,"created_at":"2017-06-15T08:18:55.000Z"}},{"node":{"id":"mysql__RegionSector__47","reg_cat_id":4,"sector_name":"Israel","slug":"israel","status":1,"created_at":"2017-06-15T08:19:01.000Z"}},{"node":{"id":"mysql__RegionSector__48","reg_cat_id":4,"sector_name":"UAE","slug":"uae","status":1,"created_at":"2017-06-15T08:19:07.000Z"}},{"node":{"id":"mysql__RegionSector__49","reg_cat_id":4,"sector_name":"Ghana","slug":"ghana","status":1,"created_at":"2017-06-15T08:19:14.000Z"}},{"node":{"id":"mysql__RegionSector__50","reg_cat_id":4,"sector_name":"Kenya","slug":"kenya","status":1,"created_at":"2017-06-15T08:19:19.000Z"}},{"node":{"id":"mysql__RegionSector__51","reg_cat_id":4,"sector_name":"Iran","slug":"iran","status":1,"created_at":"2017-06-15T08:19:26.000Z"}},{"node":{"id":"mysql__RegionSector__52","reg_cat_id":4,"sector_name":"Algeria","slug":"algeria","status":1,"created_at":"2017-06-15T08:19:32.000Z"}},{"node":{"id":"mysql__RegionSector__53","reg_cat_id":5,"sector_name":"US","slug":"us","status":1,"created_at":"2017-06-15T08:20:39.000Z"}},{"node":{"id":"mysql__RegionSector__54","reg_cat_id":5,"sector_name":"Canada","slug":"canada","status":1,"created_at":"2017-06-15T08:20:48.000Z"}},{"node":{"id":"mysql__RegionSector__55","reg_cat_id":6,"sector_name":"Germany","slug":"germany","status":1,"created_at":"2017-06-15T08:20:57.000Z"}},{"node":{"id":"mysql__RegionSector__57","reg_cat_id":6,"sector_name":"France","slug":"france","status":1,"created_at":"2017-06-15T08:21:26.000Z"}},{"node":{"id":"mysql__RegionSector__58","reg_cat_id":6,"sector_name":"UK","slug":"uk","status":1,"created_at":"2017-06-15T08:21:34.000Z"}},{"node":{"id":"mysql__RegionSector__59","reg_cat_id":6,"sector_name":"Italy","slug":"italy","status":1,"created_at":"2017-06-15T08:21:39.000Z"}},{"node":{"id":"mysql__RegionSector__60","reg_cat_id":6,"sector_name":"Spain","slug":"spain","status":1,"created_at":"2017-06-15T08:21:45.000Z"}},{"node":{"id":"mysql__RegionSector__61","reg_cat_id":6,"sector_name":"Netherlands","slug":"netherlands","status":1,"created_at":"2017-06-15T08:21:50.000Z"}},{"node":{"id":"mysql__RegionSector__62","reg_cat_id":6,"sector_name":"Greece","slug":"greece","status":1,"created_at":"2017-06-15T08:21:55.000Z"}},{"node":{"id":"mysql__RegionSector__63","reg_cat_id":6,"sector_name":"Portugal","slug":"portugal","status":1,"created_at":"2017-06-15T08:22:01.000Z"}},{"node":{"id":"mysql__RegionSector__64","reg_cat_id":6,"sector_name":"Belgium","slug":"belgium","status":1,"created_at":"2017-06-15T08:22:06.000Z"}},{"node":{"id":"mysql__RegionSector__65","reg_cat_id":6,"sector_name":"Sweden","slug":"sweden","status":1,"created_at":"2017-06-15T08:22:12.000Z"}},{"node":{"id":"mysql__RegionSector__66","reg_cat_id":6,"sector_name":"Austria","slug":"austria","status":1,"created_at":"2017-06-15T08:22:18.000Z"}},{"node":{"id":"mysql__RegionSector__67","reg_cat_id":6,"sector_name":"Switzerland","slug":"switzerland","status":1,"created_at":"2017-06-15T08:22:24.000Z"}},{"node":{"id":"mysql__RegionSector__68","reg_cat_id":6,"sector_name":"Finland","slug":"finland","status":1,"created_at":"2017-06-15T08:22:29.000Z"}},{"node":{"id":"mysql__RegionSector__69","reg_cat_id":6,"sector_name":"Norway","slug":"norway","status":1,"created_at":"2017-06-15T08:22:35.000Z"}}]}}}