{"errors":[],"warnings":["./src/services/index.js 1:374-438\n\"export 'default' (reexported as 'extractReportsData') was not found in './extractReportsData'"],"namedChunkGroups":{"app":{"chunks":[4,1,0],"assets":["webpack-runtime-7e6514a1344f0d2b2819.js","webpack-runtime-7e6514a1344f0d2b2819.js.map","commons-5ca348266bf615bb4946.js","commons-5ca348266bf615bb4946.js.map","app-ee50ca10ebe70db9e92b.js","app-ee50ca10ebe70db9e92b.js.map"],"children":{},"childAssets":{}},"component---src-pages-index-js":{"chunks":[3,2],"assets":["styles.5905b246968ffe31a519.css","styles-10732f6d8519ba05b9e0.js","styles-10732f6d8519ba05b9e0.js.map","component---src-pages-index-js-f3bb3c03e04e60772aa4.js","component---src-pages-index-js-f3bb3c03e04e60772aa4.js.map"],"children":{},"childAssets":{}}},"assetsByChunkName":{"app":["webpack-runtime-7e6514a1344f0d2b2819.js","commons-5ca348266bf615bb4946.js","app-ee50ca10ebe70db9e92b.js"],"component---src-pages-index-js":["styles.5905b246968ffe31a519.css","styles-10732f6d8519ba05b9e0.js","component---src-pages-index-js-f3bb3c03e04e60772aa4.js"]}}